Advertising/Marketing Services,Aerospace & Defense,Agricultural Commodities/Milling,Air Freight/Couriers,Airlines,Alternative Power Generation,Aluminum,Apparel/Footwear,Apparel/Footwear Retail,Auto Parts/ OEM,Automotive Aftermarket,Beverages/ Alcoholic,Beverages/ Non-Alcoholic,Biotechnology,Broadcasting,Building Products,Cable/Satellite TV,Casinos/Gaming,Catalog/Specialty Distribution,Chemicals/ Agricultural,Chemicals/ Major Diversified,Chemicals/ Specialty,Coal,Commercial Printing/Forms,Computer Communications,Computer Peripherals,Computer Processing Hardware,Construction Materials,Consumer Sundries,Containers/Packaging,Contract Drilling,Data Processing Services,Department Stores,Discount Stores,Drugstore Chains,Electric Utilities,Electrical Products,Electronic Components,Electronic Equipment/Instruments,Electronic Production Equipment,Electronics Distributors,Electronics/Appliance Stores,Electronics/Appliances,Engineering & Construction,Environmental Services,Finance/Rental/Leasing,Financial Conglomerates,Financial Publishing/Services,Food Distributors,Food Retail,Food/ Major Diversified,Food/ Meat/Fish/Dairy,Food/ Specialty/Candy,Forest Products,Gas Distributors,Home Furnishings,Home Improvement Chains,Homebuilding,Hospital/Nursing Management,Hotels/Resorts/Cruise lines,Household/Personal Care,Industrial Conglomerates,Industrial Machinery,Industrial Specialties,Information Technology Services,Insurance Brokers/Services,Integrated Oil,Internet Retail,Internet Software/Services,Investment Banks/Brokers,Investment Managers,Investment Trusts/Mutual Funds,Life/Health Insurance,Major Banks,Major Telecommunications,Managed Health Care,Marine Shipping,Media Conglomerates,Medical Distributors,Medical Specialties,Medical/Nursing Services,Metal Fabrication,Miscellaneous,Miscellaneous Commercial Services,Miscellaneous Manufacturing,Motor Vehicles,Movies/Entertainment,Multi-Line Insurance,Office Equipment/Supplies,Oil & Gas Pipelines,Oil & Gas Production,Oil Refining/Marketing,Oilfield Services/Equipment,Other Consumer Services,Other Consumer Specialties,Other Metals/Minerals,Other Transportation,Packaged Software,Personnel Services,Pharmaceuticals/ Generic,Pharmaceuticals/ Major,Pharmaceuticals/ Other,Precious Metals,Property/Casualty Insurance,Publishing/ Books/Magazines,Publishing/ Newspapers,Pulp & Paper,Railroads,Real Estate Development,Real Estate Investment Trusts,Recreational Products,Regional Banks,Restaurants,Savings Banks,Semiconductors,Services to the Health Industry,Specialty Insurance,Specialty Stores,Specialty Telecommunications,Steel,Telecommunications Equipment,Textiles,Tobacco,Tools & Hardware,Trucking,Trucks/Construction/Farm Machinery,Water Utilities,Wholesale Distributors,Wireless Telecommunications
OMC,GE,CTVA,DASH,DAL,TLN,AA,NKE,TJX,ITW,LKQ,BUD,KO,AMGN,FOXA,WSO,CMCSA,LVS,YJ,NTR,DD,LIN,HCC,WMG,RDWR,ANET,SONY,CRH,CENT,AMCR,SLB,MSCI,PDD,DG,CVS,NEE,GEV,APH,EMR,VRT,SNX,BBY,SN,PWR,WM,V,RPRX,SPGI,SYY,KR,KHC,TSN,PEP,LPX,SRE,SGI,HD,DHI,HCA,MAR,PG,MMM,AMAT,SHW,IBM,MMC,XOM,AMZN,GOOGL,GS,MS,TPL,PRU,JPM,CHT,UNH,KEX,SPHR,MCK,ABT,LH,RBC,LMB,SHOP,WMS,TSLA,DIS,PGR,HNI,ENB,COP,MPC,HAL,BKNG,MSA,RIO,UBER,MSFT,KFY,TEVA,LLY,RVMD,NEM,BRK.A,PSO,NWS,IP,UNP,CBRE,WELL,AS,IBN,MCD,WBS,NVDA,DGX,FNF,WMT,TEF,BHP,AAPL,AIN,PM,SNA,ODFL,CAT,AWK,FERG,TMUS
IPG,RTX,ADM,UPS,RYAAY,BIP,CENX,RL,ROST,CMI,DORM,DEO,MNST,GILD,FOX,MAS,WBD,FLUT,,CF,ESI,ECL,CNR,BZ,ALLT,STX,DELL,VMC,CENTA,SW,BKR,PAYX,DDS,DLTR,GRDN,CEG,ETN,GLW,KEYS,TER,ARW,GME,WHR,FER,RSG,MA,BMNR,MCO,USFD,ACI,GIS,JBS,MDLZ,UFPI,TRGP,LZB,LOW,LEN,THC,RCL,UL,RLX,LRCX,PPG,ACN,AON,CVX,BABA,GOOG,SCHW,BX,VNOM,CRBG,BAC,BCE,ELV,FRO,THH,COR,TMO,SOLV,MLI,PANL,RELX,AWI,TM,TKO,MFC,SCS,WMB,FANG,E,FTI,CTAS,FWDI,SCCO,PFGC,ORCL,RHI,,JNJ,ABVX,AEM,BRK.B,WLY,NWSA,AVY,NSC,BEKE,PLD,HAS,NU,SBUX,TFSL,AVGO,ASTH,ORI,COST,SATS,VALE,CSCO,MAGN,BTI,ALLE,XPO,DE,SBS,FAST,T
WPP,BA,BG,FDX,UAL,CWEN.A,CSTM,LULU,TPR,ITT,GT,ABEV,CCEP,ARGX,SIRI,CSL,CHTR,WYNN,,MOS,SSL,APD,BTU,CMPO,SMRT,WDC,HPE,MLM,DOGZ,PKG,NE,VRSK,OLLI,FIVE,,SO,AME,CLS,FTV,BE,REZI,PLBL,SONO,OTIS,WCN,AXP,MAIN,FICO,CHEF,SFM,CAG,HRL,HSY,WFG,ATO,ARHS,BLDR,LEN.B,UHS,ABNB,CL,HI,PH,RPM,INFY,AJG,SHEL,MELI,META,HOOD,BLK,BXSL,EQH,WFC,FYBR,CI,MATX,FTRK,CAH,ISRG,GH,VMI,INV,PYPL,BRC,RACE,LYV,AFL,MLKN,EPD,WDS,PSX,NOV,TCOM,ZEPP,FCX,PAC,PLTR,UPWK,,ABBV,CDTX,B,CB,WLYB,NYT,SUZ,CSX,JLL,AMT,MAT,CM,CMG,WSFS,TSM,NRC,FAF,ORLY,ASTS,NUE,MSI,MAMK,MO,SWK,JBHT,PCAR,WTRG,GWW,VZ
WSHP,HON,PPC,GRAB,LUV,CWEN,KALU,ONON,BURL,MGA,XPEL,STZ,KDP,IQV,NXST,SPXC,PSKY,MGM,,ICL,PRM,DOW,ARLP,CMPR,GNSS,SNDK,SMCI,AMRZ,FMFC,BALL,RIG,TYL,M,,,DUK,ROK,NVT,Q,FLEX,AVT,RERE,IMAX,FIX,GFL,RKT,KYIV,EFX,UNFI,TBBB,CHA,SFD,K,TREX,CQP,MBC,FND,PHM,CHE,HLT,KMB,ISPR,TT,AXTA,NET,WTW,TTE,SE,NFLX,IBKR,UBS,FSK,RGA,HSBC,LUMN,HUM,HAFN,,HSIC,DHR,FMS,USAR,ALPS,XYZ,YETI,GM,DKNG,ALL,ACCO,KMI,AR,VLO,WFRD,EXPE,MOV,CCJ,ASR,SAP,MAN,,AZN,BRBR,WPM,TRV,SCHL,TDAY,SLVM,CP,OPEN,EQIX,THO,USB,YUM,PFS,ASML,QIPT,ESNT,CVNA,PHI,MT,GRMN,UFI,TPB,EML,SAIA,WAB,AWR,GPC,AMX
DJT,LMT,SEB,EXPD,LTM,ENLT,TG,DECK,GAP,DCI,SMP,BF.B,FMX,NTRA,TGNA,AOS,CABO,BYD,,SMG,AVNT,SQM,AMR,DLX,SILC,PSTG,IONQ,CX,,CCK,VAL,GDDY,KSS,,,NGG,HUBB,TTMI,NXT,SANM,SCSC,,SPB,EME,CLH,URI,JCAP,TRU,DOLE,WMK,SMPL,MAMA,MKC,JELD,NI,LEG,ZKH,NVR,PACS,CUK,EL,,JCI,CSW,FTNT,BRO,BP,CPNG,SPOT,CME,BN,BSM,PRI,RY,KT,CNC,STNG,,POM,BSX,EHC,ROCK,YOUL,FISV,LCII,F,CHDN,MET,VIRC,ET,RRC,DINO,AROC,SCI,FOSL,TECK,SARO,CRM,HSII,,MRK,BHC,AU,HIG,VALU,DJCO,CLW,CNI,FSV,SPG,GOLF,TFC,QSR,NWBI,AMD,,RDN,AZO,IRDM,STLD,UI,CULP,,ILAG,KNX,CNH,CWT,WCC,VOD
PTRN,GD,CALM,CHRW,AAL,ALE,,LEVI,URBN,ALV,,BF.A,COKE,BNTX,SBGI,MHK,AMCX,SGHC,,FMC,NGVT,LYB,NRP,EBF,SPCB,NTAP,ZBRA,JHX,,OC,HP,J,PSQH,,,AEP,LITE,CAMT,NVMI,AEIS,CLMB,,RR,MTZ,CWST,SOFI,IGIC,,DNUT,IMKTA,HLF,LWAY,MKC.V,NWGL,SWX,ETD,TTSH,TOL,BKD,CCL,KVUE,,SYM,AZZ,WDAY,RYAN,PBR,JD,TRI,ICE,KKR,TSLX,VOYA,C,TEO,MOH,CMBT,,WGRX,SYK,ENSG,IIIN,TWNP,ROL,DAKT,HMC,MSGS,AIG,,TRP,CRK,IEP,WHD,PLNT,,CRS,LYFT,APP,BBSI,,NVS,AVBP,FNV,MKL,EDUC,CUB,MERC,GATX,HHH,DLR,PII,KB,DRI,CLBK,MU,,AGO,TGT,ITRN,TS,NOK,WFF,,,TFII,BWA,HTO,QXO,TLK
SBET,HWM,FDP,ZTO,CPA,RNW,,GIL,BOOT,ALSN,,TAP,CELH,UTHR,NMAX,SSD,,CZR,,UAN,IOSP,ALB,METC,ANPA,MSAI,LOGI,RGTI,EXP,,ATR,PTEN,IREN,,,,VST,APTV,VICR,ONTO,LFUS,AENT,,OWLT,APG,PCT,IX,BCSF,,WILC,GO,BYND,WYHG,IFF,,BKH,HELE,MWYN,TMHC,SGRY,VIK,CHD,,CARR,FUL,CTSH,CRVL,PBR.A,EBAY,MSTR,BCS,BAM,WT,JXN,MUFG,LBTYB,OSCR,INSW,,MYO,MDT,HIMS,ZEUS,GAME,CPAY,SWIM,STLA,CNK,PUK,,MPLX,CNX,PBF,USAC,EDU,,ATI,VNT,INTU,AMN,,NVO,CRON,GFI,L,,LEE,,,MTH,O,HAYW,MTB,YUMC,TFIN,QCOM,,STC,CPRT,TSAT,PKX,ERIC,,,,LSTR,AGCO,WBI,AIT,RCI
CRTO,NOC,VITL,CART,ALK,XIFR,,BIRK,ANF,LEA,,TAP.A,PRMB,NBIX,GTN,FBIN,,RSI,,SLI,HUN,WLK,METCB,QUAD,FIEE,EXTR,QBTS,ACA,,SEE,SDRL,AKAM,,,,D,AYI,KN,CGNX,OLED,FOXX,,GPRO,ACM,NVRI,SYF,CCCX,,AGCC,NGVC,OTLY,BTOG,SJM,,BIPC,XWIN,,SKY,NHC,IHG,CLX,,XYL,WDFC,WIT,NP,CNQ,CHWY,BIDU,BK,APO,KRP,BHF,HDB,LBTYK,ALHC,TDW,,YI,IDXX,DVA,ASTL,DAIC,ULS,MATW,XPEV,MANU,ACGL,,OKE,VIST,CVI,KGS,LTH,,MP,OMAB,NOW,KFRC,,PFE,NAGE,KGC,ERIE,,,,,MRP,PSA,MODG,FITB,DPZ,OCFC,INTC,,TIPT,TSCO,CMBM,RS,CIEN,,,,SNDR,TTC,MSEX,CNM,VIV
CCO,TDG,TLRY,R,SKYW,SUUN,,VFC,AEO,GNTX,,CCU,KOF,BBIO,GTN.A,GFF,,BRSL,,ODC,ARQ,SOLS,HNRG,TZOO,DTSS,SSYS,NATL,KNF,,GPK,BORR,FDS,,,,XEL,RRX,BELFB,RAL,LPL,RCON,,TBCH,BLD,YDDL,AER,MTA,,HFFG,ARKO,BGS,STKH,CPB,,SR,FLXS,,CVCO,SEM,H,REYN,,IR,OLN,CRDO,GSHD,EOG,VIPS,RDDT,COIN,ARES,CSWC,PRVA,SAN,LBTYA,TBRG,ZIM,,RDGT,BDX,BTSG,PKOH,DSY,GPN,MYE,RIVN,BATRA,SLF,,LNG,MUR,DK,LBRT,HRB,,HBM,CAAP,ADBE,CCRN,,SNY,USNA,PAAS,EG,,,,,MRP/I,CCI,WGO,FCNCA,TXRH,CFFN,KLAC,,ITIC,ULTA,IQST,CLF,VSAT,,,,WERN,DOOO,CWCO,POOL,TU
QNST,LHX,AVO,GXO,AERO,MAXN,,CROX,VSCO,ATMU,,SAM,AKO.A,SMMT,IHRT,TGLS,,PENN,,LXU,CTM,NEU,NC,LVO,PCLA,ADTN,BGIN,USLM,,SLGN,PDS,CIFR,,,,EXC,GNRC,BELFA,ESE,PLXS,TAIT,,HBB,STN,PESI,AFRM,BEAG,,EPSM,VLGEA,ABVE,,LW,,OGS,LOVE,,KBH,ARDT,HTHT,ELF,,DOV,UFPT,BR,TWFG,EQNR,GLBE,FWONA,DB,RJF,OCSL,CLOV,TD,LILAK,,SBLK,,JWEL,EW,RDNT,NL,,MEDP,OFLX,LI,BATRK,WRB,,PBA,MGY,PARR,INVX,GHC,,UEC,VRRM,PANW,KELYB,,VRTX,NATR,RGLD,RNR,,,,,CWK,VTR,LVWR,CIB,ARMK,TRST,TXN,,OSG,WSM,PMAX,TX,COMM,,,,ARCB,BC,YORW,SUN,TIMB
IBEX,AXON,AGRO,HUBG,JBLU,,,ZGN,CPRI,GTX,,IPST,AKO.B,ELAN,SSP,TILE,,BALY,,IONR,FSI,EMN,AREC,DSS,UUU,XRX,OSS,TTAM,,SON,NBR,DBX,,,,ETR,QS,RXST,ST,PLUG,,,VIOT,STRL,ALTS,KSPI,CEPF,,DTCK,DDL,HAIN,,INGR,,TGS,BSET,,FTDR,CYH,NCLH,COTY,,VLTO,MATV,HPQ,ROOT,SU,ETSY,FWONK,NDAQ,NTRS,SBR,CIA,COF,LILA,,TRMD,,,A,BLLN,CIX,,ICLR,CAPT,NIO,MSGE,CINF,,VG,GPOR,CLMT,FLOC,BGSI,,NXE,SMHI,CRWD,KELYA,,BMY,FTLF,AGI,AFG,,,,,HGV,VICI,MBUU,EWBC,BROS,HIFS,ARM,,MBI,CASY,,CMC,CALX,,,,MRTN,TEX,ARTNA,UGI,TIGO
NCMI,HEI.A,CRESY,CYRX,ALGT,,,KTB,BKE,VC,,WVVI,FIZZ,RNA,EVC,NPKI,,MSC,,AVD,FTEK,CE,,CRE,SYNX,BLZE,LHSW,LOMA,,GEF.B,,APLD,,,,PEG,SMR,VPG,ITRI,VSH,,,COOK,DY,ESGL,UHAL.B,EVAC,,TWG,MSS,ORIS,,DAR,,NJR,HOFT,,MHO,VMD,RRR,IPAR,,JBL,OPAL,SSNC,WDH,IMO,RVLV,CSGP,AMP,OWL,GSBD,EHTH,BBVA,TV,,DHT,,,ALC,OPCH,ZJK,,RTO,YHGJ,OSK,LION,BNT,,WES,SM,SGU,NESR,GBTG,,LEU,CCEL,ADP,TBI,,GSK,UPXI,HMY,AIZ,,,,,JOE,EXR,TRON,BSAC,WING,SMBC,ADI,,OXBR,DKS,,GGB,ONDS,,,,FWRD,TRN,PCYO,SITE,SKM
VERI,HEI,MGPI,RLGT,VTOL,,,PVH,WINA,DAN,,AMZE,ZVIA,BMRN,TSQ,PLPC,,FLL,,BIOX,,CBT,,IPDN,OBLG,IMMR,EBON,CPAC,,GEF,,GDS,,,,WEC,ENS,LPTH,NOVT,VECO,,,YIBO,TTEK,SCWO,UHAL,BCSS,,,HCWC,,,POST,,CSAN,SNBR,,PATK,BTMD,WH,ENR,,WWD,ASPN,GIB,CRD.A,OXY,REAL,TME,STT,TROW,TRIN,,SMFG,IDT,,TNK,,,RMD,WGS,GIFI,,KLAR,HIHO,VFS,PRKS,UNM,,PAA,NOG,,RES,VVV,,UUUU,SWVL,NTES,RCMT,,REGN,SCLX,HL,THG,,,,,NMRK,AVB,RGR,ALLY,EAT,TCBX,MRVL,,,W,,SIM,DGII,,,,HTLD,ALG,GWRS,MSM,GSAT
BOC,TDY,VFF,FLX,ULCC,,,SHOO,CRI,HSAI,,IBG,BRFH,TECH,MDIA,JBI,,CNTY,,LITM,,HWKN,,,ASNS,LTRX,,NWPX,,AMBP,,EXLS,,,,ED,BDC,MEI,SXI,BHE,,,IRBT,IESC,QRHC,UWMC,AEXA,,,WBUY,,,BCPC,,MDU,PRPL,,GRBK,,ATAT,EPC,,PNR,MNTK,CDW,CRD.B,EQT,NEGG,VRSN,LPLA,TPG,DMLP,,BMO,CCOI,,BWLP,,,GEHC,CON,HLP,,BAH,,FSS,FUN,CNA,,DTM,TALO,,AESI,ATGE,,AUGO,BTOC,SNOW,HQI,,ALNY,LFVN,EQX,MTG,,,,,VTMX,IRM,JOUT,FHN,CAVA,NFBK,TEL,,,BJ,,SID,ARLO,,,,CVLG,CDLR,,BCC,LBRDA
LZMH,RKLB,SNDL,MATH,VLRS,,,COLM,SFIX,PHIN,,,,MRNA,QVCGA,AMWD,,,,SNES,,MEOH,,,,QMCO,,SMID,,OI,,WULF,,,,PCG,EOSE,SENS,MTRN,PLAB,,,ODYS,IBP,DXST,FIGR,TCPC,,,,,,MZTI,,CPK,LCUT,,TPH,,MTN,OLPX,,LII,VGAS,GWRE,KINS,CVE,LUXE,CHKP,CBOE,CG,BBDC,,MFG,OPTU,,CMRE,,,MTD,LFST,NNBR,,CRL,,ZK,AMC,AEG,,AM,NEXT,,PUMP,UNF,,ERO,RVSN,CDNS,MHH,,ZTS,ATPC,CDE,LMND,,,,,HBNB,EQR,MCFT,SSB,SHAK,KRNY,NXPI,,,PAG,,WS,HLIT,,,,ULH,GBX,,DNOW,LBRDK
ADV,ESLT,CGC,SFWL,SNCY,,,HBI,LE,ADNT,,,,HALO,SGA,APOG,,,,RKDA,,KWR,,,,ALOT,,SND,,TRS,,KD,,,,NRG,POWL,ESP,DBD,CTS,,,KOSS,FLR,AWX,OMF,RMR,,,,,,SXT,,EE,REFR,,CCS,,TNL,YSG,,OKLO,NTIC,CACI,GOCO,EXE,GIC,RBA,TW,PFG,ASST,,BNS,SHEN,,DAC,,,PHG,ADUS,CPSH,,CAE,,LCID,LUCK,GL,,SOBO,XPRO,,HLX,PTON,,TMC,WETO,SNPS,DLHC,,TAK,MIRA,IAG,MCY,,,,,EXPI,SBAC,HERE,WTFC,CAKE,GCBC,MPWR,,,LAD,,RYI,GILT,,,,PAL,LNN,,HLMN,TKC
GAMB,CW,CVGW,SLGB,UP,,,UA,SCVL,CYD,,,,ARWR,BBGI,NX,,,,,,DQ,,,,TACT,,,,KRT,,CORZ,,,,AEE,FLNC,OPXS,PAR,KE,,,UEIC,PRIM,,AL,KRSP,,,,,,COCO,,CTRI,CRWS,,DFH,,CHH,NUS,,GGG,APT,RBRK,HUIZ,DVN,WOOF,ZG,FUTU,ARCC,CGBD,,ITUB,WOW,,NMM,,,STE,MD,SGBX,,G,,HOG,PRSU,KNSL,,KNTK,VET,,ACDC,LRN,,DNN,PTLE,RBLX,DHX,,HLN,PAVS,SBSW,SIGI,,,,,HOUS,INVH,MPX,WAL,WEN,PDLB,ASX,,,AN,,MTUS,AIOT,,,,PAMT,ASTE,,GLP,TDS
NUKK,FTAI,ALCO,AIRT,FLYX,,,UAA,ZUMZ,THRM,,,,AXSM,,LYTS,,,,,,GEL,,,,KTCC,,,,PACK,,HUT,,,,DTE,ATKR,BURU,EVLV,AEHR,,,MTEK,ROAD,,PFSI,FTW,,,,,,FRPT,,NWN,LIVE,,LGIH,,MLCO,WALD,,NDSN,GAUZ,BSY,ZBAO,EC,TDUP,Z,NMR,SF,PFLT,,ING,ATNI,,FLNG,,,DXCM,AVAH,CVR,,TAL,,REVG,ACEL,AXS,,GLNG,WTTR,,FTK,DRVN,,IE,,ADSK,BGSF,,INSM,BNKK,TFPM,HGTY,,,,,KW,ESS,JAKK,GGAL,ARCO,AVBC,FSLR,,,MUSA,,SXC,CLFD,,,,TOPP,PLOW,,DXPE,AD
IZEA,BWXT,AFRI,ELOG,SRFM,,,FIGS,CAL,AXL,,,,MRUS,,FGI,,,,,,CC,,,,VBIX,,,,YYAI,,MARA,,,,AXIA,SEDG,RFIL,BW,DVLT,,,CLRO,AGX,,FCFS,AAM,,,,,,TR,,CLNE,NTZ,,SDHC,,MCRI,SLSN,,LECO,,EPAM,TIRX,CTRA,LQDT,PINS,HLI,BEN,SLRC,,PNC,OOMA,,ECO,,,WAT,AZTA,ATXG,,ADT,,BLBD,ANGX,LNC,,PAGP,HPK,,OIS,OSW,,TGB,,DDOG,STRR,,ONC,IBIO,AG,PLMR,,,,,FOR,WY,ESCA,COLB,PZZA,FSBW,MCHP,,,MNSO,,MSB,AVNW,,,,ZDAI,CMCO,,GCT,VEON
MCHX,TXT,ACB,LSH,BAER,,,WWW,GCO,FOXF,,,,CAI,,AEHL,,,,,,MTX,,,,SCKT,,,,MGIH,,CLSK,,,,AXIA/P,ENVX,OPTX,TRNS,AXTI,,,FEBO,LGN,,OBDC,GTEN,,,,,,ASH,,NFE,LBGJ,,HOV,,TH,GROV,,IEX,,PEGA,RELI,YPF,AHG,IT,EVR,IVZ,PBT,,LYG,ELWT,,GSL,,,PODD,ACHC,,,FOUR,,PSNY,GDEN,RLI,,DKL,VTS,,FET,VAC,,ALM,,EA,NIXX,,BIIB,SNYR,OR,NMIH,,,,,IRS,SUI,FNKO,CFR,FWRG,TSBK,ALAB,,,KMX,,LUD,FEIM,,,,HXHX,MTW,,WKC,GOGO
UBXG,AVAV,LMNR,PSIG,RJET,,,GOOS,CTRN,CPS,,,,PCVX,,CETY,,,,,,LAC,,,,BOXL,,,,ITP,,ABTC,,,,FE,NNE,ELTK,USBC,MPTI,,,MITQ,GVA,,OTF,ANSC,,,,,,FLO,,RGCO,,,BZH,,LIND,AXIL,,ENTG,,PSN,,PR,GRPN,MTCH,JEF,SEIC,FDUS,,NWG,,,NVGS,,,WST,NEO,,,BFAM,,PSNYW,PLAY,ACT,,SUNC,CLB,,RNGR,STRA,,SLSR,,ROP,JOB,,INCY,NAII,NGD,SPNT,,,,,MMI,MAA,CLAR,BPOP,HDL,WNEB,COHR,,,GPI,,FRD,AUDC,,,,YGMZ,WNC,,UVV,ATEX
BLNE,JOBY,OGI,BANL,NCEW,,,GIII,JILL,TWI,,,,KRYS,,INHD,,,,,,ROG,,,,,,,,,,KC,,,,PPL,AMPX,CCTG,UMAC,RELL,,,RAY,ECG,,SLM,MBVI,,,,,,NOMD,,,,,LEGH,,CVEO,NHTC,,MKSI,,DOX,,OVV,BBBY,LLYVK,GLXY,HQY,MSIF,,BBDO,,,CCEC,,,ILMN,TDOC,,,WEX,,AEBI,MCS,WTM,,NGL,GRNT,,OMSE,PRDO,,SGML,,TTWO,LGCL,,GMAB,MTEX,EGO,KMPR,,,,,SKYH,NLY,AOUT,CHYM,BH,BLFY,STM,,,ABG,,ACNT,BKTI,,,,,FSTR,,DSGR,SPOK
CPOP,KTOS,BHST,CJMB,SOAR,,,GES,DBI,HLLY,,,,COGT,,,,,,,,PRLB,,,,,,,,,,JOYY,,,,FTS,AMSC,POAS,NVX,TYGO,,,,VSEC,,CACC,BCAR,,,,,,JJSF,,,,,CHCI,,GHG,BYAH,,WTS,,APPF,,APA,FLWS,LLYVA,XP,MORN,GAIN,,BBD,,,SFL,,,ZBH,USPH,,,FCN,,LOT,VENU,FG,,CLCO,VTLE,,GEOS,MCW,,USAS,,ZS,CLIK,,ROIV,CURX,BTG,HCI,,,,,FPH,CPT,BHAT,PNFP,BH.A,FCAP,ON,,,UGP,,SRL,CRNT,,,,,BNC,,SPH,
SWAG,HII,BARK,JYD,JTAI,,,VSTS,PLCE,HYLN,,,,CRSP,,,,,,,,BAK,,,,,,,,,,BTDR,,,,CNP,THR,,FCEL,AMPG,,,,EXPO,,CAR,KFII,,,,,,UTZ,,,,,UHG,,MRNO,NITO,,GTLS,,NICE,,NFG,DIBS,MMYT,PJT,AMG,CION,,HBAN,,,LPG,,,EXAS,OPK,,,MMS,,MLR,CDRO,CNO,,SMC,SD,,BOOM,TRIP,,NAK,,VEEV,BIYA,,MDGL,AIXC,BVN,HMN,,,,,CDZI,WPC,NWTG,CBSH,BJRI,FNWD,GFS,,,SIG,,AP,SANG,,,,,TWIN,,CRCT,
CREX,EMBJ,OMEX,HKPD,,,,OXM,CURV,STRT,,,,KYMR,,,,,,,,REX,,,,,,,,,,VNET,,,,ES,MVST,,VUZI,LGL,,,,TPC,,NNI,APXT,,,,,,THS,,,,,SPHL,,INTG,,,FLS,,RIOT,,HESM,BZUN,STUB,FRHC,STEP,GLAD,,SHG,,,TK,,,HOLX,PNTG,,,BCO,,NIU,CURI,GNW,,MMLP,GPRK,,NCSM,AFYA,,CNL,,TEAM,,,IONS,PRPH,SSRM,PRA,,,,,FRPH,KIM,VEEE,SNV,CNNE,BVFL,UMC,,,RUSHB,,HUDI,INSG,,,,,GENC,,CAPL,
FCUV,CR,SEED,GVH,,,,WEYS,CATO,MPAA,,,,APGE,,,,,,,,TTI,,,,,,,,,,DXC,,,,CMS,SLDP,,SLNH,CVV,,,,MYRG,,HRI,NPAC,,,,,,JBSS,,,,,,,,,,MOD,,WK,,CHRD,AKA,CARG,MKTX,CIGI,PSBD,,BSBR,,,GNK,,,COO,PSNL,,,LAUR,,AIIO,SEG,AHL,,HMR,OBE,,LSE,CSV,,NEXA,,CRWV,,,ASND,FLGC,ORLA,SAFT,,,,,NLOP,OHI,VMAR,PB,SG,CFBK,FN,,,RUSHA,,,KVHI,,,,,RAIL,,BXC,
EDHL,DRS,IMCC,SGLY,,,,RCKY,DXLG,SRI,,,,ADMA,,,,,,,,ECVT,,,,,,,,,,CSGS,,,,KEP,ALNT,,INTT,LNKS,,,,BBUC,,UPST,CCIX,,,,,,SENEB,,,,,,,,,,ZWS,,KBR,,MTDR,DLTH,ARX,PIPR,HLNE,SCM,,CFG,,,NAT,,,SNN,FLGT,,,LOPE,,FFAI,SLMT,BWIN,,,EGY,,TUSK,APEI,,LAR,,FIS,,,VTRS,PMCB,NG,PRCH,,,,,TRC,LAMR,JFBR,GBCI,CBRL,AFBI,MTSI,,,PSMT,,,CMTL,,,,,CVGI,,TITN,
SGRP,KRMN,EDBL,ETS,,,,LANV,TLYS,CAAS,,,,SRRK,,,,,,,,SCL,,,,,,,,,,BITF,,,,EIX,BLDP,,LASE,IMTE,,,,IHS,,WSC,GPAT,,,,,,SENEA,,,,,,,,,,AAON,,INGM,,CRC,HOUR,BRZE,VIRT,JHG,SJT,,RF,,,TEN,,,GMED,NUTX,,,LB,,EMPD,STRZ,HG,,,PNRG,,MIND,FIP,,UAMY,,MDB,,,EXEL,ASBP,PPTA,UFCS,,,,,TCI,REG,,HOMB,BLMN,LSBK,TSEM,,,BBWI,,,OCC,,,,,RYM,,EVI,
DLPN,MOG.A,FAMI,,,,,SGC,BIRD,SYPR,,,,ACLX,,,,,,,,CMP,,,,,,,,,,INOD,,,,LNT,TE,,LAZR,,,,,FBYD,,ENVA,TACO,,,,,,STKL,,,,,,,,,,JBTM,,QTWO,,BTE,RENT,RUM,MC,HASI,TPVG,,BAP,,,SB,,,RVTY,SNDA,,,STNE,,DPRO,NOMA,FIHL,,,WTI,,PED,KLC,,GSM,,ZM,,,RDY,YCBD,FSM,UVE,,,,,LND,DOC,,UBSI,KRUS,RVSB,RMBS,,,ASO,,,FKWL,,,,,WPRT,,ASLE,
YHC,AMTM,IVP,,,,,LAKE,LITB,MKDW,,,,IMVT,,,,,,,,GPRE,,,,,,,,,,GLIBA,,,,EVRG,SES,,FEMY,,,,,AMRC,,BFH,RDAG,,,,,,WEST,,,,,,,,,,ESAB,,BOX,,CIVI,LVLU,ATHM,LAZ,VCTR,SSSS,,KEY,,,ASC,,,PEN,TALK,,,PAY,,SEV,SEAT,SKWD,,,BRY,,NINE,XPOF,,NB,,LDOS,,,JAZZ,ENVB,ARMN,ASIC,,,,,MLP,GLPI,,OZK,DIN,BSBK,SWKS,,,AAP,,,APWC,,,,,PFAI,,HDSN,
VSME,MOG.B,AKAN,,,,,VRA,MOGU,REE,,,,CGON,,,,,,,,WLKP,,,,,,,,,,GLIBK,,,,EMA,ADSE,,WBX,,,,,GLDD,,MGRC,ALF,,,,,,BRCC,,,,,,,,,,MIDD,,VIAV,,BKV,IZM,IAC,SNEX,FHI,BCIC,,BCH,,,HSHP,,,ALGN,DNA,,,PAGS,,SCAG,CPHC,TRUP,,,GTE,,STAK,WW,,GROY,,NBIS,,,RGEN,MEHA,SA,EIG,,,,,RMAX,HST,,CBC,PTLO,MGYR,LSCC,,,RH,,,SIDU,,,,,ARTW,,CANG,
YDKG,MIR,,,,,,DBGI,PMNT,WKSP,,,,IRON,,,,,,,,TROX,,,,,,,,,,YEXT,,,,PNW,POET,,ACFN,,,,,BWMN,,QFIN,MBAV,,,,,,BRID,,,,,,,,,,GTES,,SAIC,,CRGY,TKLF,GENI,BGC,AB,WHF,,WF,,,ESEA,,,QGEN,EHAB,,,MH,,KNDI,AGH,BOW,,,KGEI,,,SDA,,TMQ,,CYBR,,,CORT,SCNI,CGAU,HRTG,,,,,ARL,ELS,,ABCB,BRCB,PROV,AMKR,,,WRBY,,,UTSI,,,,,HYFM,,ALTG,
LDWY,LOAR,,,,,,JRSH,NCI,FRSX,,,,MLYS,,,,,,,,KRNT,,,,,,,,,,CTEV,,,,AES,NPWR,,PRZO,,,,,ORN,,LU,WENN,,,,,,BOF,,,,,,,,,,TKR,,SEI,,MNR,IPW,MRX,MIAX,GBDC,OXSQ,,CMA,,,CMDB,,,BAX,SRTA,,,EEFT,,GGR,RDIB,DGICA,,,EPM,,,EWCZ,,ELVR,,IOT,,,CYTK,,EXK,HIPO,,,,,PINE,UDR,,HWC,NATH,FNWB,QRVO,,,EYE,,,IVDA,,,,,,,ACU,
BAOS,HXL,,,,,,VNCE,,EVTV,,,,TLX,,,,,,,,KRO,,,,,,,,,,WYFI,,,,OGE,NRGV,,WETH,,,,,MG,,WD,FCRS,,,,,,IMG,,,,,,,,,,BMI,,XMTR,,DEC,LUCY,WB,TIGR,APAM,MRCC,,ONB,,,KNOP,,,BIO,AUNA,,,BBU,,XOS,CNVS,DGICB,,,EP,,,BLNK,,EU,,PTC,,,NUVL,,DRD,AMSF,,,,,NEN,AMH,,AUB,JACK,IROQ,SITM,,,SAH,,,SONM,,,,,,,NPT,
CNET,BETA,,,,,,AREB,,SBLX,,,,RCUS,,,,,,,,KOP,,,,,,,,,,FVRR,,,,BEP,EAF,,ELSE,,,,,MTRX,,BUR,BACQ,,,,,,FARM,,,,,,,,,,NPO,,GLOB,,INR,ATER,GRND,GEMI,CNS,GECC,,UMBF,,,GASS,,,BIO.B,TOI,,,HURN,,WKHS,RDI,KFS,,,SLNG,,,LGCY,,UROY,,TOST,,,GRFS,,AAUC,ACIC,,,,,DOUG,BXP,,IFS,LOCO,FDSB,SMTC,,,SBH,,,WTO,,,,,,,LVRO,
DRCT,ACHR,,,,,,XELB,,CREV,,,,DYN,,,,,,,,LWLG,,,,,,,,,,FRGE,,,,ELP,INVZ,,MCTR,,,,,BBCP,,AGM,SDHI,,,,,,LSF,,,,,,,,,,ALH,,NSIT,,TXO,BQ,IQ,AMTD,HTGC,PFX,,ZION,,,SHIP,,,AVTR,AGL,,,TNET,,CENN,UONEK,NODK,,,HUSA,,,YTRA,,URG,,TRMB,,,RYTM,,SKE,GLRE,,,,,OZ,AGNC,,EBC,DENN,CLST,CRUS,,,SVV,,,,,,,,,,GRWG,
HAO,OSIS,,,,,,JXG,,ECDA,,,,ADPT,,,,,,,,GEVO,,,,,,,,,,FUFU,,,,ELPC,SKYX,,WLDS,,,,,PHOE,,AGM.A,CAEP,,,,,,PLAG,,,,,,,,,,FELE,,HTFL,,SOC,WNW,YELP,BRBI,PAX,OFS,,CADE,,,IMPP,,,MASI,BNR,,,RELY,,UCAR,UONE,JRVR,,,USEG,,,TOUR,,WRN,,TWLO,,,PTCT,,VZLA,AII,,,,,SRG,FRMI,,IBOC,RICK,FSEA,PI,,,CWH,,,,,,,,,,SORA,
STFS,SPR,,,,,,,,,,,,DNLI,,,,,,,,LTBR,,,,,,,,,,TTGT,,,,IDA,ELVA,,CLWT,,,,,MAGH,,HTZ,CCII,,,,,,JVA,,,,,,,,,,MWA,,QUBT,,REPX,,WBTN,AXG,SII,PVL,,BOKF,,,DSX,,,BRKR,NAKA,,,CBZ,,SSM,TOON,SLQT,,,KLXE,,,RGS,,ISOU,,HUBS,,,PTGX,,SVM,GBLI,,,,,STRS,REXR,,SFBS,CCHH,BYFC,ALGM,,,EVGO,,,,,,,,,,DIT,
,MRCY,,,,,,,,,,,,NUVB,,,,,,,,RYAM,,,,,,,,,,DGXX,,,,ORA,TGEN,,POLA,,,,,SLND,,CTOS,TACH,,,,,,CHSN,,,,,,,,,,KAI,,FORTY,,GFR,,JMIA,OPY,GCMG,NRT,,VLY,,,DLNG,,,STVN,LFMD,,,ABM,,FLYE,AGAE,AAME,,,BATL,,,BODI,,ABAT,,TTD,,,RGC,,IPX,FGNX,,,,,MAMO,EGP,,UCB,MB,NSTS,RUN,,,ODP,,,,,,,,,,ZONE,
